method,split,intersection_id,city,topology,lane_profile,risk_level,overflow_count,overflow_duration_minutes,overflow_switch_success,throughput,stop_frequency,average_delay_seconds,safety_violation_rate
real_only,train,city1_i01,city_1,4way,balanced,medium,15928.1998,273.151,0.7253,25889.0913,0.619,135.8292,0.1722
default_sim,train,city1_i01,city_1,4way,balanced,medium,22837.4267,378.3232,0.5633,25116.1324,0.6803,153.0744,0.24
calibrated_sim,train,city1_i01,city_1,4way,balanced,medium,17644.3318,298.8946,0.6916,25811.7954,0.6371,141.179,0.1885
calibrated_sim_plus_domain_randomization,train,city1_i01,city_1,4way,balanced,medium,15435.0679,266.6776,0.7604,26120.979,0.6027,133.6532,0.1611
calibrated_sim_plus_opm,train,city1_i01,city_1,4way,balanced,medium,13591.9877,229.6468,0.8165,26301.336,0.5961,131.2678,0.1163
calibrated_sim_plus_domain_randomization_plus_opm,train,city1_i01,city_1,4way,balanced,medium,10700.6964,187.9083,0.8793,26739.3461,0.5628,123.1456,0.0821
real_only,train,city1_i02,city_1,4way,balanced,medium,16055.2558,274.2334,0.7253,25889.0913,0.619,135.8292,0.1722
default_sim,train,city1_i02,city_1,4way,balanced,medium,22661.2192,376.8673,0.5633,25116.1324,0.6803,153.0744,0.24
calibrated_sim,train,city1_i02,city_1,4way,balanced,medium,17703.5601,299.3925,0.6916,25811.7954,0.6371,141.179,0.1885
calibrated_sim_plus_domain_randomization,train,city1_i02,city_1,4way,balanced,medium,15444.4724,266.7587,0.7604,26120.979,0.6027,133.6532,0.1611
calibrated_sim_plus_opm,train,city1_i02,city_1,4way,balanced,medium,13302.0148,227.1896,0.8165,26301.336,0.5961,131.2678,0.1163
calibrated_sim_plus_domain_randomization_plus_opm,train,city1_i02,city_1,4way,balanced,medium,10470.8318,185.8853,0.8793,26739.3461,0.5628,123.1456,0.0821
real_only,train,city1_i03,city_1,4way,mild_imbalance,medium,16272.1373,276.4189,0.7257,23242.5752,0.7335,160.9965,0.1725
default_sim,train,city1_i03,city_1,4way,mild_imbalance,medium,22782.6845,377.3198,0.5654,22553.8978,0.806,181.3541,0.2392
calibrated_sim,train,city1_i03,city_1,4way,mild_imbalance,medium,17659.5848,299.0894,0.6927,23173.7074,0.7541,167.1572,0.1882
calibrated_sim_plus_domain_randomization,train,city1_i03,city_1,4way,mild_imbalance,medium,15667.8359,268.974,0.7611,23449.1784,0.7141,158.3939,0.1613
calibrated_sim_plus_opm,train,city1_i03,city_1,4way,mild_imbalance,medium,13494.7049,229.2357,0.8173,23609.8698,0.7062,155.5543,0.1167
calibrated_sim_plus_domain_randomization_plus_opm,train,city1_i03,city_1,4way,mild_imbalance,medium,10629.2364,187.9095,0.8798,24000.1203,0.6674,146.0811,0.083
real_only,train,city1_i04,city_1,4way,mild_imbalance,medium,16151.0293,275.3871,0.7257,23242.5752,0.7335,160.9965,0.1725
default_sim,train,city1_i04,city_1,4way,mild_imbalance,medium,22714.1754,376.7531,0.5654,22553.8978,0.806,181.3541,0.2392
calibrated_sim,train,city1_i04,city_1,4way,mild_imbalance,medium,17642.073,298.9421,0.6927,23173.7074,0.7541,167.1572,0.1882
calibrated_sim_plus_domain_randomization,train,city1_i04,city_1,4way,mild_imbalance,medium,15528.742,267.7744,0.7611,23449.1784,0.7141,158.3939,0.1613
calibrated_sim_plus_opm,train,city1_i04,city_1,4way,mild_imbalance,medium,13489.0893,229.188,0.8173,23609.8698,0.7062,155.5543,0.1167
calibrated_sim_plus_domain_randomization_plus_opm,train,city1_i04,city_1,4way,mild_imbalance,medium,10835.667,189.7257,0.8798,24000.1203,0.6674,146.0811,0.083
real_only,train,city1_i05,city_1,4way,severe_imbalance,high,16332.5998,279.649,0.7252,21837.6619,0.9809,215.4944,0.1756
default_sim,train,city1_i05,city_1,4way,severe_imbalance,high,23481.6228,385.5099,0.563,21212.7554,1.0725,241.3234,0.24
calibrated_sim,train,city1_i05,city_1,4way,severe_imbalance,high,18011.0343,304.8613,0.6915,21775.1712,1.0093,223.7909,0.1917
calibrated_sim_plus_domain_randomization,train,city1_i05,city_1,4way,severe_imbalance,high,15810.3471,273.1011,0.7603,22025.1338,0.9568,212.2973,0.1651
calibrated_sim_plus_opm,train,city1_i05,city_1,4way,severe_imbalance,high,13863.3651,236.1666,0.8164,22170.9453,0.9471,208.7679,0.1225
calibrated_sim_plus_domain_randomization_plus_opm,train,city1_i05,city_1,4way,severe_imbalance,high,11129.6192,196.2703,0.8792,22525.059,0.8962,196.3919,0.0894
real_only,train,city1_i06,city_1,4way,balanced,medium,16020.2201,273.9349,0.7253,25889.0913,0.619,135.8292,0.1722
default_sim,train,city1_i06,city_1,4way,balanced,medium,23318.5615,382.2985,0.5633,25116.1324,0.6803,153.0744,0.24
calibrated_sim,train,city1_i06,city_1,4way,balanced,medium,17694.9852,299.3204,0.6916,25811.7954,0.6371,141.179,0.1885
calibrated_sim_plus_domain_randomization,train,city1_i06,city_1,4way,balanced,medium,15378.5554,266.1902,0.7604,26120.979,0.6027,133.6532,0.1611
calibrated_sim_plus_opm,train,city1_i06,city_1,4way,balanced,medium,13522.5359,229.0583,0.8165,26301.336,0.5961,131.2678,0.1163
calibrated_sim_plus_domain_randomization_plus_opm,train,city1_i06,city_1,4way,balanced,medium,10630.607,187.2915,0.8793,26739.3461,0.5628,123.1456,0.0821
real_only,train,city1_i07,city_1,3way,mild_imbalance,medium,8732.698,148.3356,0.7275,13323.7692,0.0934,20.4868,0.171
default_sim,train,city1_i07,city_1,3way,mild_imbalance,medium,12025.034,199.5497,0.5739,12928.986,0.1029,22.9889,0.2322
calibrated_sim,train,city1_i07,city_1,3way,mild_imbalance,medium,9585.5,160.9446,0.6969,13284.2909,0.0956,21.1924,0.1847
calibrated_sim_plus_domain_randomization,train,city1_i07,city_1,3way,mild_imbalance,medium,8346.1835,143.6342,0.7637,13442.2042,0.0907,20.1259,0.1591
calibrated_sim_plus_opm,train,city1_i07,city_1,3way,mild_imbalance,medium,7227.1887,122.517,0.8207,13534.3202,0.0896,19.7406,0.1139
calibrated_sim_plus_domain_randomization_plus_opm,train,city1_i07,city_1,3way,mild_imbalance,medium,5692.5586,100.6126,0.8817,13758.0307,0.0849,18.5778,0.0814
real_only,train,city1_i08,city_1,3way,balanced,low,1153.4383,19.7901,0.7284,13339.0494,0.0568,12.4545,0.1687
default_sim,train,city1_i08,city_1,3way,balanced,low,1596.9103,26.6902,0.5782,12935.9315,0.0628,13.9349,0.2279
calibrated_sim,train,city1_i08,city_1,3way,balanced,low,1255.0703,21.3631,0.6991,13298.7376,0.058,12.8651,0.1815
calibrated_sim_plus_domain_randomization,train,city1_i08,city_1,3way,balanced,low,1120.4266,19.3002,0.7651,13459.9847,0.0551,12.219,0.1561
calibrated_sim_plus_opm,train,city1_i08,city_1,3way,balanced,low,941.3113,16.1489,0.8224,13554.0455,0.0543,11.9703,0.1096
calibrated_sim_plus_domain_randomization_plus_opm,train,city1_i08,city_1,3way,balanced,low,758.2713,13.3857,0.8827,13782.479,0.0515,11.2621,0.0771
real_only,train,city1_i09,city_1,4way,balanced,medium,16239.1208,275.7997,0.7253,25889.0913,0.619,135.8292,0.1722
default_sim,train,city1_i09,city_1,4way,balanced,medium,22652.9223,376.7987,0.5633,25116.1324,0.6803,153.0744,0.24
calibrated_sim,train,city1_i09,city_1,4way,balanced,medium,18126.1729,302.9447,0.6916,25811.7954,0.6371,141.179,0.1885
calibrated_sim_plus_domain_randomization,train,city1_i09,city_1,4way,balanced,medium,15714.9042,269.0907,0.7604,26120.979,0.6027,133.6532,0.1611
calibrated_sim_plus_opm,train,city1_i09,city_1,4way,balanced,medium,13587.671,229.6102,0.8165,26301.336,0.5961,131.2678,0.1163
calibrated_sim_plus_domain_randomization_plus_opm,train,city1_i09,city_1,4way,balanced,medium,10821.6261,188.9726,0.8793,26739.3461,0.5628,123.1456,0.0821
real_only,train,city1_i10,city_1,4way,severe_imbalance,high,16266.3645,279.0858,0.7252,21837.6619,0.9809,215.4944,0.1756
default_sim,train,city1_i10,city_1,4way,severe_imbalance,high,23435.6316,385.1304,0.563,21212.7554,1.0725,241.3234,0.24
calibrated_sim,train,city1_i10,city_1,4way,severe_imbalance,high,18527.029,309.192,0.6915,21775.1712,1.0093,223.7909,0.1917
calibrated_sim_plus_domain_randomization,train,city1_i10,city_1,4way,severe_imbalance,high,15828.6636,273.2586,0.7603,22025.1338,0.9568,212.2973,0.1651
calibrated_sim_plus_opm,train,city1_i10,city_1,4way,severe_imbalance,high,13926.6471,236.7016,0.8164,22170.9453,0.9471,208.7679,0.1225
calibrated_sim_plus_domain_randomization_plus_opm,train,city1_i10,city_1,4way,severe_imbalance,high,11099.7584,196.009,0.8792,22525.059,0.8962,196.3919,0.0894
real_only,train,city1_i11,city_1,3way,mild_imbalance,medium,8802.3805,148.9304,0.7275,13323.7692,0.0934,20.4868,0.171
default_sim,train,city1_i11,city_1,3way,mild_imbalance,medium,11820.3835,197.8475,0.5739,12928.986,0.1029,22.9889,0.2322
calibrated_sim,train,city1_i11,city_1,3way,mild_imbalance,medium,9628.7395,161.3097,0.6969,13284.2909,0.0956,21.1924,0.1847
calibrated_sim_plus_domain_randomization,train,city1_i11,city_1,3way,mild_imbalance,medium,8348.7444,143.6564,0.7637,13442.2042,0.0907,20.1259,0.1591
calibrated_sim_plus_opm,train,city1_i11,city_1,3way,mild_imbalance,medium,7085.4238,121.3101,0.8207,13534.3202,0.0896,19.7406,0.1139
calibrated_sim_plus_domain_randomization_plus_opm,train,city1_i11,city_1,3way,mild_imbalance,medium,5769.8795,101.2951,0.8817,13758.0307,0.0849,18.5778,0.0814
real_only,train,city1_i12,city_1,4way,balanced,medium,16262.9785,276.0029,0.7253,25889.0913,0.619,135.8292,0.1722
default_sim,train,city1_i12,city_1,4way,balanced,medium,22807.6452,378.0771,0.5633,25116.1324,0.6803,153.0744,0.24
calibrated_sim,train,city1_i12,city_1,4way,balanced,medium,18121.5725,302.906,0.6916,25811.7954,0.6371,141.179,0.1885
calibrated_sim_plus_domain_randomization,train,city1_i12,city_1,4way,balanced,medium,15695.4817,268.9232,0.7604,26120.979,0.6027,133.6532,0.1611
calibrated_sim_plus_opm,train,city1_i12,city_1,4way,balanced,medium,13585.1431,229.5888,0.8165,26301.336,0.5961,131.2678,0.1163
calibrated_sim_plus_domain_randomization_plus_opm,train,city1_i12,city_1,4way,balanced,medium,10636.4033,187.3425,0.8793,26739.3461,0.5628,123.1456,0.0821
real_only,train,city1_i13,city_1,4way,balanced,low,15750.1714,270.8377,0.7253,25907.3981,0.6181,135.5794,0.1712
default_sim,train,city1_i13,city_1,4way,balanced,low,22835.9838,377.9262,0.5633,25124.4537,0.6803,153.0744,0.24
calibrated_sim,train,city1_i13,city_1,4way,balanced,low,17717.0389,298.7784,0.6916,25829.1036,0.6362,140.9604,0.1876
calibrated_sim_plus_domain_randomization,train,city1_i13,city_1,4way,balanced,low,15316.0083,264.8161,0.7604,26142.2814,0.6015,133.3617,0.1599
calibrated_sim_plus_opm,train,city1_i13,city_1,4way,balanced,low,13350.2961,226.4507,0.8165,26324.9684,0.5948,130.9346,0.1145
calibrated_sim_plus_domain_randomization_plus_opm,train,city1_i13,city_1,4way,balanced,low,10384.9752,183.8539,0.8793,26768.6369,0.5611,122.7292,0.0799
real_only,train,city1_i14,city_1,3way,mild_imbalance,medium,8791.0054,148.8333,0.7275,13323.7692,0.0934,20.4868,0.171
default_sim,train,city1_i14,city_1,3way,mild_imbalance,medium,12041.2241,199.6844,0.5739,12928.986,0.1029,22.9889,0.2322
calibrated_sim,train,city1_i14,city_1,3way,mild_imbalance,medium,9393.3841,159.3227,0.6969,13284.2909,0.0956,21.1924,0.1847
calibrated_sim_plus_domain_randomization,train,city1_i14,city_1,3way,mild_imbalance,medium,8322.2845,143.4275,0.7637,13442.2042,0.0907,20.1259,0.1591
calibrated_sim_plus_opm,train,city1_i14,city_1,3way,mild_imbalance,medium,7063.9321,121.1271,0.8207,13534.3202,0.0896,19.7406,0.1139
calibrated_sim_plus_domain_randomization_plus_opm,train,city1_i14,city_1,3way,mild_imbalance,medium,5742.6498,101.0547,0.8817,13758.0307,0.0849,18.5778,0.0814
real_only,train,city2_i03,city_2,4way,mild_imbalance,high,16523.8096,280.8162,0.7257,23195.9793,0.7366,161.8353,0.1752
default_sim,train,city2_i03,city_2,4way,mild_imbalance,high,23030.8971,380.4621,0.5654,22532.7179,0.806,181.3541,0.24
calibrated_sim,train,city2_i03,city_2,4way,mild_imbalance,high,18214.2748,305.8134,0.6927,23129.6532,0.7571,167.8912,0.1908
calibrated_sim_plus_domain_randomization,train,city2_i03,city_2,4way,mild_imbalance,high,15726.6512,271.8483,0.7611,23394.9578,0.7182,159.3726,0.1646
calibrated_sim_plus_opm,train,city2_i03,city_2,4way,mild_imbalance,high,14192.6778,238.4012,0.8173,23549.7188,0.7107,156.6727,0.1218
calibrated_sim_plus_domain_randomization_plus_opm,train,city2_i03,city_2,4way,mild_imbalance,high,11357.3711,197.9241,0.8798,23925.5669,0.673,147.4791,0.0891
real_only,train,city2_i04,city_2,3way,mild_imbalance,medium,8699.9665,148.61,0.7275,13311.5724,0.0935,20.5357,0.1723
default_sim,train,city2_i04,city_2,3way,mild_imbalance,medium,12161.4755,200.9504,0.5739,12923.442,0.1029,23.0113,0.2328
calibrated_sim,train,city2_i04,city_2,3way,mild_imbalance,medium,9416.8591,160.0261,0.6969,13272.7594,0.0958,21.2352,0.1859
calibrated_sim_plus_domain_randomization,train,city2_i04,city_2,3way,mild_imbalance,medium,8434.3073,144.9753,0.7637,13428.0115,0.091,20.183,0.1606
calibrated_sim_plus_opm,train,city2_i04,city_2,3way,mild_imbalance,medium,7192.1585,123.016,0.8207,13518.5753,0.0899,19.8057,0.1163
calibrated_sim_plus_domain_randomization_plus_opm,train,city2_i04,city_2,3way,mild_imbalance,medium,5936.6886,103.6511,0.8817,13738.5158,0.0852,18.6592,0.0842
real_only,validation,city2_i01,city_2,3way,severe_imbalance,high,15690.2647,266.7321,0.7255,14218.1292,0.308,67.6975,0.1771
default_sim,validation,city2_i01,city_2,3way,severe_imbalance,high,22061.5695,362.1203,0.5644,13820.4224,0.336,75.6033,0.24
calibrated_sim,validation,city2_i01,city_2,3way,severe_imbalance,high,17224.6565,289.7536,0.6922,14178.3585,0.3166,70.2268,0.1928
calibrated_sim_plus_domain_randomization,validation,city2_i01,city_2,3way,severe_imbalance,high,15213.2026,260.754,0.7607,14337.4412,0.3006,66.7168,0.1668
calibrated_sim_plus_opm,validation,city2_i01,city_2,3way,severe_imbalance,high,13340.0073,226.1254,0.8169,14430.2395,0.2976,65.6349,0.1252
calibrated_sim_plus_domain_randomization_plus_opm,validation,city2_i01,city_2,3way,severe_imbalance,high,10747.438,188.8542,0.8795,14655.6067,0.2821,61.8544,0.093
real_only,validation,city2_i02,city_2,4way,severe_imbalance,high,17044.2112,287.1007,0.7252,21810.4774,0.9835,216.1861,0.1773
default_sim,validation,city2_i02,city_2,4way,severe_imbalance,high,23130.4786,383.291,0.563,21200.3988,1.0725,241.3234,0.24
calibrated_sim,validation,city2_i02,city_2,4way,severe_imbalance,high,18670.0795,311.6736,0.6915,21749.4695,1.0118,224.3962,0.1933
calibrated_sim_plus_domain_randomization,validation,city2_i02,city_2,4way,severe_imbalance,high,16324.6292,278.9952,0.7603,21993.5009,0.9601,213.1043,0.1672
calibrated_sim_plus_opm,validation,city2_i02,city_2,4way,severe_imbalance,high,14166.581,240.7577,0.8164,22135.8526,0.9508,209.6902,0.1256
calibrated_sim_plus_domain_randomization_plus_opm,validation,city2_i02,city_2,4way,severe_imbalance,high,11674.1772,203.2937,0.8792,22481.5638,0.9008,197.5448,0.0932
real_only,test,city1_i15,city_1,4way,balanced,medium,16242.2264,275.8262,0.7253,25889.0913,0.619,135.8292,0.1722
default_sim,test,city1_i15,city_1,4way,balanced,medium,22621.3019,376.5375,0.5633,25116.1324,0.6803,153.0744,0.24
calibrated_sim,test,city1_i15,city_1,4way,balanced,medium,17923.6545,301.2425,0.6916,25811.7954,0.6371,141.179,0.1885
calibrated_sim_plus_domain_randomization,test,city1_i15,city_1,4way,balanced,medium,15514.3426,267.3612,0.7604,26120.979,0.6027,133.6532,0.1611
calibrated_sim_plus_opm,test,city1_i15,city_1,4way,balanced,medium,13635.7538,230.0177,0.8165,26301.336,0.5961,131.2678,0.1163
calibrated_sim_plus_domain_randomization_plus_opm,test,city1_i15,city_1,4way,balanced,medium,10624.2861,187.2358,0.8793,26739.3461,0.5628,123.1456,0.0821
real_only,test,city1_i16,city_1,3way,severe_imbalance,high,15349.4217,261.3621,0.7257,13371.5047,0.2851,62.6219,0.1752
default_sim,test,city1_i16,city_1,3way,severe_imbalance,high,21149.1628,352.0881,0.5655,12988.8658,0.312,70.1852,0.24
calibrated_sim,test,city1_i16,city_1,3way,severe_imbalance,high,17000.0266,285.2984,0.6927,13333.2408,0.293,64.9628,0.1907
calibrated_sim_plus_domain_randomization,test,city1_i16,city_1,3way,severe_imbalance,high,14797.1963,254.6304,0.7611,13486.2964,0.2779,61.6663,0.1645
calibrated_sim_plus_opm,test,city1_i16,city_1,3way,severe_imbalance,high,13079.0208,220.9583,0.8174,13575.5788,0.275,60.6193,0.1217
calibrated_sim_plus_domain_randomization_plus_opm,test,city1_i16,city_1,3way,severe_imbalance,high,10333.2904,182.2681,0.8798,13792.4076,0.2604,57.0611,0.089
real_only,test,city1_i17,city_1,4way,balanced,low,16186.5424,274.5572,0.7253,25907.3981,0.6181,135.5794,0.1712
default_sim,test,city1_i17,city_1,4way,balanced,low,22823.8192,377.8257,0.5633,25124.4537,0.6803,153.0744,0.24
calibrated_sim,test,city1_i17,city_1,4way,balanced,low,17927.6913,300.5497,0.6916,25829.1036,0.6362,140.9604,0.1876
calibrated_sim_plus_domain_randomization,test,city1_i17,city_1,4way,balanced,low,15241.0,264.1687,0.7604,26142.2814,0.6015,133.3617,0.1599
calibrated_sim_plus_opm,test,city1_i17,city_1,4way,balanced,low,13591.0155,228.492,0.8165,26324.9684,0.5948,130.9346,0.1145
calibrated_sim_plus_domain_randomization_plus_opm,test,city1_i17,city_1,4way,balanced,low,10584.3999,185.6122,0.8793,26768.6369,0.5611,122.7292,0.0799
real_only,test,city1_i18,city_1,3way,mild_imbalance,medium,8785.2202,148.7839,0.7275,13323.7692,0.0934,20.4868,0.171
default_sim,test,city1_i18,city_1,3way,mild_imbalance,medium,11873.8848,198.2925,0.5739,12928.986,0.1029,22.9889,0.2322
calibrated_sim,test,city1_i18,city_1,3way,mild_imbalance,medium,9555.3174,160.6898,0.6969,13284.2909,0.0956,21.1924,0.1847
calibrated_sim_plus_domain_randomization,test,city1_i18,city_1,3way,mild_imbalance,medium,8189.5025,142.2789,0.7637,13442.2042,0.0907,20.1259,0.1591
calibrated_sim_plus_opm,test,city1_i18,city_1,3way,mild_imbalance,medium,7059.8529,121.0924,0.8207,13534.3202,0.0896,19.7406,0.1139
calibrated_sim_plus_domain_randomization_plus_opm,test,city1_i18,city_1,3way,mild_imbalance,medium,5786.0778,101.4381,0.8817,13758.0307,0.0849,18.5778,0.0814
real_only,test,city3_i01,city_3,4way,balanced,medium,16119.2078,275.2518,0.7253,25878.1944,0.6196,135.978,0.1728
default_sim,test,city3_i01,city_3,4way,balanced,medium,23221.9434,381.7291,0.5633,25111.1793,0.6803,153.0744,0.24
calibrated_sim,test,city3_i01,city_3,4way,balanced,medium,17966.1989,302.0328,0.6916,25801.4929,0.6376,141.3092,0.1891
calibrated_sim_plus_domain_randomization,test,city3_i01,city_3,4way,balanced,medium,15335.5262,266.3168,0.7604,26108.2989,0.6034,133.8267,0.1618
calibrated_sim_plus_opm,test,city3_i01,city_3,4way,balanced,medium,13659.9325,230.9056,0.8165,26287.2691,0.5969,131.466,0.1173
calibrated_sim_plus_domain_randomization_plus_opm,test,city3_i01,city_3,4way,balanced,medium,10934.8292,190.7258,0.8793,26721.911,0.5637,123.3934,0.0833
real_only,test,city3_i02,city_3,4way,mild_imbalance,medium,16434.1845,278.3134,0.7257,23231.9368,0.7342,161.188,0.1731
default_sim,test,city3_i02,city_3,4way,mild_imbalance,medium,22894.555,378.4939,0.5654,22549.0622,0.806,181.3541,0.2395
calibrated_sim,test,city3_i02,city_3,4way,mild_imbalance,medium,18025.8248,302.6397,0.6927,23163.6494,0.7548,167.3248,0.1888
calibrated_sim_plus_domain_randomization,test,city3_i02,city_3,4way,mild_imbalance,medium,15352.4395,266.7947,0.7611,23436.7992,0.7151,158.6174,0.162
calibrated_sim_plus_opm,test,city3_i02,city_3,4way,mild_imbalance,medium,13551.5918,230.4606,0.8173,23596.1366,0.7072,155.8096,0.1179
calibrated_sim_plus_domain_randomization_plus_opm,test,city3_i02,city_3,4way,mild_imbalance,medium,10765.5555,189.9345,0.8798,23983.0989,0.6686,146.4003,0.0844
real_only,test,city3_i03,city_3,3way,balanced,low,1152.4866,19.8118,0.7284,13334.2243,0.0568,12.4663,0.1692
default_sim,test,city3_i03,city_3,3way,balanced,low,1576.491,26.5342,0.5782,12933.7383,0.0628,13.9403,0.2281
calibrated_sim,test,city3_i03,city_3,3way,balanced,low,1262.1208,21.45,0.6991,13294.1757,0.058,12.8754,0.1819
calibrated_sim_plus_domain_randomization,test,city3_i03,city_3,3way,balanced,low,1118.905,19.3181,0.7651,13454.3701,0.0551,12.2328,0.1567
calibrated_sim_plus_opm,test,city3_i03,city_3,3way,balanced,low,971.6234,16.4506,0.8224,13547.8168,0.0544,11.986,0.1105
calibrated_sim_plus_domain_randomization_plus_opm,test,city3_i03,city_3,3way,balanced,low,746.6798,13.3304,0.8827,13774.7589,0.0515,11.2817,0.0782
real_only,test,city3_i04,city_3,4way,mild_imbalance,medium,16222.5228,276.5108,0.7257,23231.9368,0.7342,161.188,0.1731
default_sim,test,city3_i04,city_3,4way,mild_imbalance,medium,22670.8843,376.644,0.5654,22549.0622,0.806,181.3541,0.2395
calibrated_sim,test,city3_i04,city_3,4way,mild_imbalance,medium,17939.1131,301.9106,0.6927,23163.6494,0.7548,167.3248,0.1888
calibrated_sim_plus_domain_randomization,test,city3_i04,city_3,4way,mild_imbalance,medium,15328.3241,266.5869,0.7611,23436.7992,0.7151,158.6174,0.162
calibrated_sim_plus_opm,test,city3_i04,city_3,4way,mild_imbalance,medium,13571.8763,230.6325,0.8173,23596.1366,0.7072,155.8096,0.1179
calibrated_sim_plus_domain_randomization_plus_opm,test,city3_i04,city_3,4way,mild_imbalance,medium,10854.6676,190.7177,0.8798,23983.0989,0.6686,146.4003,0.0844
real_only,test,city3_i05,city_3,4way,severe_imbalance,high,16487.9785,281.6724,0.7252,21824.0696,0.9822,215.8402,0.1765
default_sim,test,city3_i05,city_3,4way,severe_imbalance,high,23422.059,385.3573,0.563,21206.5771,1.0725,241.3234,0.24
calibrated_sim,test,city3_i05,city_3,4way,severe_imbalance,high,18329.8642,308.1784,0.6915,21762.3204,1.0105,224.0936,0.1925
calibrated_sim_plus_domain_randomization,test,city3_i05,city_3,4way,severe_imbalance,high,16336.2424,278.358,0.7603,22009.3174,0.9584,212.7008,0.1662
calibrated_sim_plus_opm,test,city3_i05,city_3,4way,severe_imbalance,high,14098.6966,239.1697,0.8164,22153.399,0.949,209.229,0.124
calibrated_sim_plus_domain_randomization_plus_opm,test,city3_i05,city_3,4way,severe_imbalance,high,11656.6178,202.0089,0.8792,22503.3114,0.8985,196.9683,0.0913
real_only,test,city3_i06,city_3,3way,balanced,low,1147.5567,19.7697,0.7284,13334.2243,0.0568,12.4663,0.1692
default_sim,test,city3_i06,city_3,3way,balanced,low,1611.9536,26.8301,0.5782,12933.7383,0.0628,13.9403,0.2281
calibrated_sim,test,city3_i06,city_3,3way,balanced,low,1265.2079,21.4761,0.6991,13294.1757,0.058,12.8754,0.1819
calibrated_sim_plus_domain_randomization,test,city3_i06,city_3,3way,balanced,low,1093.8681,19.1009,0.7651,13454.3701,0.0551,12.2328,0.1567
calibrated_sim_plus_opm,test,city3_i06,city_3,3way,balanced,low,970.619,16.442,0.8224,13547.8168,0.0544,11.986,0.1105
calibrated_sim_plus_domain_randomization_plus_opm,test,city3_i06,city_3,3way,balanced,low,744.6148,13.3121,0.8827,13774.7589,0.0515,11.2817,0.0782
real_only,test,city3_i07,city_3,4way,balanced,medium,16463.3625,278.1827,0.7253,25878.1944,0.6196,135.978,0.1728
default_sim,test,city3_i07,city_3,4way,balanced,medium,23087.5823,380.6191,0.5633,25111.1793,0.6803,153.0744,0.24
calibrated_sim,test,city3_i07,city_3,4way,balanced,medium,18094.8315,303.1138,0.6916,25801.4929,0.6376,141.3092,0.1891
calibrated_sim_plus_domain_randomization,test,city3_i07,city_3,4way,balanced,medium,15320.33,266.1859,0.7604,26108.2989,0.6034,133.8267,0.1618
calibrated_sim_plus_opm,test,city3_i07,city_3,4way,balanced,medium,13542.8685,229.914,0.8165,26287.2691,0.5969,131.466,0.1173
calibrated_sim_plus_domain_randomization_plus_opm,test,city3_i07,city_3,4way,balanced,medium,10840.5525,189.897,0.8793,26721.911,0.5637,123.3934,0.0833
real_only,test,city3_i08,city_3,4way,mild_imbalance,medium,16271.5038,276.9279,0.7257,23231.9368,0.7342,161.188,0.1731
default_sim,test,city3_i08,city_3,4way,mild_imbalance,medium,22568.8979,375.8005,0.5654,22549.0622,0.806,181.3541,0.2395
calibrated_sim,test,city3_i08,city_3,4way,mild_imbalance,medium,17650.0058,299.4796,0.6927,23163.6494,0.7548,167.3248,0.1888
calibrated_sim_plus_domain_randomization,test,city3_i08,city_3,4way,mild_imbalance,medium,15522.2581,268.2586,0.7611,23436.7992,0.7151,158.6174,0.162
calibrated_sim_plus_opm,test,city3_i08,city_3,4way,mild_imbalance,medium,13676.8216,231.5219,0.8173,23596.1366,0.7072,155.8096,0.1179
calibrated_sim_plus_domain_randomization_plus_opm,test,city3_i08,city_3,4way,mild_imbalance,medium,10755.5255,189.8464,0.8798,23983.0989,0.6686,146.4003,0.0844
real_only,test,city3_i09,city_3,3way,mild_imbalance,medium,8757.6935,148.8255,0.7275,13317.6708,0.0935,20.5113,0.1716
default_sim,test,city3_i09,city_3,3way,mild_imbalance,medium,11990.7721,199.3979,0.5739,12926.214,0.1029,23.0001,0.2325
calibrated_sim,test,city3_i09,city_3,3way,mild_imbalance,medium,9440.3464,159.9716,0.6969,13278.5251,0.0957,21.2138,0.1853
calibrated_sim_plus_domain_randomization,test,city3_i09,city_3,3way,mild_imbalance,medium,8277.4525,143.3297,0.7637,13435.1078,0.0909,20.1545,0.1598
calibrated_sim_plus_opm,test,city3_i09,city_3,3way,mild_imbalance,medium,7197.3769,122.6616,0.8207,13526.4478,0.0897,19.7731,0.1151
calibrated_sim_plus_domain_randomization_plus_opm,test,city3_i09,city_3,3way,mild_imbalance,medium,5852.0576,102.4625,0.8817,13748.2733,0.0851,18.6185,0.0828
real_only,test,city3_i10,city_3,4way,balanced,medium,16486.1689,278.3769,0.7253,25878.1944,0.6196,135.978,0.1728
default_sim,test,city3_i10,city_3,4way,balanced,medium,22985.3648,379.7746,0.5633,25111.1793,0.6803,153.0744,0.24
calibrated_sim,test,city3_i10,city_3,4way,balanced,medium,17795.1149,300.5952,0.6916,25801.4929,0.6376,141.3092,0.1891
calibrated_sim_plus_domain_randomization,test,city3_i10,city_3,4way,balanced,medium,15458.4823,267.3766,0.7604,26108.2989,0.6034,133.8267,0.1618
calibrated_sim_plus_opm,test,city3_i10,city_3,4way,balanced,medium,13724.5408,231.4529,0.8165,26287.2691,0.5969,131.466,0.1173
calibrated_sim_plus_domain_randomization_plus_opm,test,city3_i10,city_3,4way,balanced,medium,10608.5171,187.8571,0.8793,26721.911,0.5637,123.3934,0.0833
real_only,test,city3_i11,city_3,4way,balanced,low,16074.5587,274.0096,0.7253,25898.0267,0.6186,135.7073,0.1717
default_sim,test,city3_i11,city_3,4way,balanced,low,23180.1811,380.9676,0.5633,25120.194,0.6803,153.0744,0.24
calibrated_sim,test,city3_i11,city_3,4way,balanced,low,17569.4632,297.9099,0.6916,25820.2435,0.6366,141.0723,0.1881
calibrated_sim_plus_domain_randomization,test,city3_i11,city_3,4way,balanced,low,15686.7632,268.4417,0.7604,26131.3766,0.6021,133.511,0.1605
calibrated_sim_plus_opm,test,city3_i11,city_3,4way,balanced,low,13655.6535,229.6266,0.8165,26312.8709,0.5954,131.1052,0.1154
calibrated_sim_plus_domain_randomization_plus_opm,test,city3_i11,city_3,4way,balanced,low,10403.1642,184.6665,0.8793,26753.6428,0.5619,122.9423,0.081
real_only,test,city3_i12,city_3,4way,mild_imbalance,medium,15958.1985,274.2596,0.7257,23231.9368,0.7342,161.188,0.1731
default_sim,test,city3_i12,city_3,4way,mild_imbalance,medium,22738.8319,377.206,0.5654,22549.0622,0.806,181.3541,0.2395
calibrated_sim,test,city3_i12,city_3,4way,mild_imbalance,medium,17772.0565,300.5059,0.6927,23163.6494,0.7548,167.3248,0.1888
calibrated_sim_plus_domain_randomization,test,city3_i12,city_3,4way,mild_imbalance,medium,15492.857,268.0051,0.7611,23436.7992,0.7151,158.6174,0.162
calibrated_sim_plus_opm,test,city3_i12,city_3,4way,mild_imbalance,medium,13652.7526,231.3179,0.8173,23596.1366,0.7072,155.8096,0.1179
calibrated_sim_plus_domain_randomization_plus_opm,test,city3_i12,city_3,4way,mild_imbalance,medium,10729.1016,189.6142,0.8798,23983.0989,0.6686,146.4003,0.0844
real_only,test,city3_i13,city_3,3way,severe_imbalance,high,15409.3651,262.5362,0.7257,13443.34,0.294,64.5973,0.1761
default_sim,test,city3_i13,city_3,3way,severe_imbalance,high,21675.3962,356.8529,0.5652,13062.9727,0.3212,72.2754,0.24
calibrated_sim,test,city3_i13,city_3,3way,severe_imbalance,high,17075.4993,286.5719,0.6926,13405.3033,0.3021,67.0048,0.1916
calibrated_sim_plus_domain_randomization,test,city3_i13,city_3,3way,severe_imbalance,high,14659.1316,254.1519,0.761,13557.4502,0.2867,63.6341,0.1656
calibrated_sim_plus_opm,test,city3_i13,city_3,3way,severe_imbalance,high,13057.3142,221.7509,0.8173,13646.2025,0.2838,62.5759,0.1233
calibrated_sim_plus_domain_randomization_plus_opm,test,city3_i13,city_3,3way,severe_imbalance,high,10647.6101,186.0867,0.8797,13861.744,0.2689,58.9407,0.0909
real_only,test,city3_i14,city_3,4way,balanced,medium,16199.9774,275.9397,0.7253,25878.1944,0.6196,135.978,0.1728
default_sim,test,city3_i14,city_3,4way,balanced,medium,22772.7725,378.0184,0.5633,25111.1793,0.6803,153.0744,0.24
calibrated_sim,test,city3_i14,city_3,4way,balanced,medium,17782.8457,300.4921,0.6916,25801.4929,0.6376,141.3092,0.1891
calibrated_sim_plus_domain_randomization,test,city3_i14,city_3,4way,balanced,medium,15465.2876,267.4352,0.7604,26108.2989,0.6034,133.8267,0.1618
calibrated_sim_plus_opm,test,city3_i14,city_3,4way,balanced,medium,13761.6368,231.7672,0.8165,26287.2691,0.5969,131.466,0.1173
calibrated_sim_plus_domain_randomization_plus_opm,test,city3_i14,city_3,4way,balanced,medium,10765.4436,189.2367,0.8793,26721.911,0.5637,123.3934,0.0833
real_only,test,city3_i15,city_3,3way,balanced,low,1173.3613,19.9903,0.7284,13334.2243,0.0568,12.4663,0.1692
default_sim,test,city3_i15,city_3,3way,balanced,low,1595.4126,26.6921,0.5782,12933.7383,0.0628,13.9403,0.2281
calibrated_sim,test,city3_i15,city_3,3way,balanced,low,1250.5894,21.3524,0.6991,13294.1757,0.058,12.8754,0.1819
calibrated_sim_plus_domain_randomization,test,city3_i15,city_3,3way,balanced,low,1113.364,19.27,0.7651,13454.3701,0.0551,12.2328,0.1567
calibrated_sim_plus_opm,test,city3_i15,city_3,3way,balanced,low,947.1168,16.2413,0.8224,13547.8168,0.0544,11.986,0.1105
calibrated_sim_plus_domain_randomization_plus_opm,test,city3_i15,city_3,3way,balanced,low,749.3626,13.3542,0.8827,13774.7589,0.0515,11.2817,0.0782
real_only,test,city3_i16,city_3,4way,mild_imbalance,medium,16262.7867,276.8537,0.7257,23231.9368,0.7342,161.188,0.1731
default_sim,test,city3_i16,city_3,4way,mild_imbalance,medium,22508.2073,375.2986,0.5654,22549.0622,0.806,181.3541,0.2395
calibrated_sim,test,city3_i16,city_3,4way,mild_imbalance,medium,18198.4045,304.0909,0.6927,23163.6494,0.7548,167.3248,0.1888
calibrated_sim_plus_domain_randomization,test,city3_i16,city_3,4way,mild_imbalance,medium,15445.0657,267.5932,0.7611,23436.7992,0.7151,158.6174,0.162
calibrated_sim_plus_opm,test,city3_i16,city_3,4way,mild_imbalance,medium,13512.8854,230.1325,0.8173,23596.1366,0.7072,155.8096,0.1179
calibrated_sim_plus_domain_randomization_plus_opm,test,city3_i16,city_3,4way,mild_imbalance,medium,11040.0935,192.3472,0.8798,23983.0989,0.6686,146.4003,0.0844
real_only,test,city3_i17,city_3,4way,severe_imbalance,high,16779.949,284.1539,0.7252,21824.0696,0.9822,215.8402,0.1765
default_sim,test,city3_i17,city_3,4way,severe_imbalance,high,23313.9402,384.4652,0.563,21206.5771,1.0725,241.3234,0.24
calibrated_sim,test,city3_i17,city_3,4way,severe_imbalance,high,18390.2243,308.6848,0.6915,21762.3204,1.0105,224.0936,0.1925
calibrated_sim_plus_domain_randomization,test,city3_i17,city_3,4way,severe_imbalance,high,16017.7036,275.6214,0.7603,22009.3174,0.9584,212.7008,0.1662
calibrated_sim_plus_opm,test,city3_i17,city_3,4way,severe_imbalance,high,14212.3438,240.13,0.8164,22153.399,0.949,209.229,0.124
calibrated_sim_plus_domain_randomization_plus_opm,test,city3_i17,city_3,4way,severe_imbalance,high,11431.6405,200.0432,0.8792,22503.3114,0.8985,196.9683,0.0913
real_only,test,city3_i18,city_3,3way,mild_imbalance,medium,8787.5727,149.0804,0.7275,13317.6708,0.0935,20.5113,0.1716
default_sim,test,city3_i18,city_3,3way,mild_imbalance,medium,12025.2839,199.6849,0.5739,12926.214,0.1029,23.0001,0.2325
calibrated_sim,test,city3_i18,city_3,3way,mild_imbalance,medium,9637.641,161.6368,0.6969,13278.5251,0.0957,21.2138,0.1853
calibrated_sim_plus_domain_randomization,test,city3_i18,city_3,3way,mild_imbalance,medium,8424.5089,144.601,0.7637,13435.1078,0.0909,20.1545,0.1598
calibrated_sim_plus_opm,test,city3_i18,city_3,3way,mild_imbalance,medium,7135.7143,122.1369,0.8207,13526.4478,0.0897,19.7731,0.1151
calibrated_sim_plus_domain_randomization_plus_opm,test,city3_i18,city_3,3way,mild_imbalance,medium,5665.4975,100.8176,0.8817,13748.2733,0.0851,18.6185,0.0828
real_only,test,city3_i19,city_3,4way,balanced,medium,15923.1704,273.5823,0.7253,25878.1944,0.6196,135.978,0.1728
default_sim,test,city3_i19,city_3,4way,balanced,medium,22604.04,376.6244,0.5633,25111.1793,0.6803,153.0744,0.24
calibrated_sim,test,city3_i19,city_3,4way,balanced,medium,17907.8417,301.5424,0.6916,25801.4929,0.6376,141.3092,0.1891
calibrated_sim_plus_domain_randomization,test,city3_i19,city_3,4way,balanced,medium,15590.4822,268.5143,0.7604,26108.2989,0.6034,133.8267,0.1618
calibrated_sim_plus_opm,test,city3_i19,city_3,4way,balanced,medium,13406.4182,228.7582,0.8165,26287.2691,0.5969,131.466,0.1173
calibrated_sim_plus_domain_randomization_plus_opm,test,city3_i19,city_3,4way,balanced,medium,10858.2644,190.0527,0.8793,26721.911,0.5637,123.3934,0.0833
real_only,test,city3_i20,city_3,4way,balanced,low,15812.5658,271.7771,0.7253,25898.0267,0.6186,135.7073,0.1717
default_sim,test,city3_i20,city_3,4way,balanced,low,22854.2312,378.2741,0.5633,25120.194,0.6803,153.0744,0.24
calibrated_sim,test,city3_i20,city_3,4way,balanced,low,18132.3643,302.6423,0.6916,25820.2435,0.6366,141.0723,0.1881
calibrated_sim_plus_domain_randomization,test,city3_i20,city_3,4way,balanced,low,15209.051,264.3205,0.7604,26131.3766,0.6021,133.511,0.1605
calibrated_sim_plus_opm,test,city3_i20,city_3,4way,balanced,low,13505.3144,228.3522,0.8165,26312.8709,0.5954,131.1052,0.1154
calibrated_sim_plus_domain_randomization_plus_opm,test,city3_i20,city_3,4way,balanced,low,10674.0064,187.0522,0.8793,26753.6428,0.5619,122.9423,0.081
real_only,test,city3_i21,city_3,3way,mild_imbalance,medium,8706.6504,148.39,0.7275,13317.6708,0.0935,20.5113,0.1716
default_sim,test,city3_i21,city_3,3way,mild_imbalance,medium,12160.5818,200.8101,0.5739,12926.214,0.1029,23.0001,0.2325
calibrated_sim,test,city3_i21,city_3,3way,mild_imbalance,medium,9586.5905,161.206,0.6969,13278.5251,0.0957,21.2138,0.1853
calibrated_sim_plus_domain_randomization,test,city3_i21,city_3,3way,mild_imbalance,medium,8316.1252,143.664,0.7637,13435.1078,0.0909,20.1545,0.1598
calibrated_sim_plus_opm,test,city3_i21,city_3,3way,mild_imbalance,medium,7328.1457,123.7743,0.8207,13526.4478,0.0897,19.7731,0.1151
calibrated_sim_plus_domain_randomization_plus_opm,test,city3_i21,city_3,3way,mild_imbalance,medium,5740.9709,101.483,0.8817,13748.2733,0.0851,18.6185,0.0828
